title,link,date_raw,image,category
“Мы верим в слова Жанибека Алимханулы“ — Минспорта о допинге и отмене боя,https://tengrinews.kz/kazakhstan_news/myi-verim-slova-janibeka-alimhanulyi-minsporta-dopinge-587153/,Сегодня,https://static.tengrinews.kz/userdata/news/2025/news_587153/thumb_xts/photo_529655.jpg.webp,kazakhstan
В Шымкенте подписали меморандумы по сдерживанию цен на медуслуги и лекарства,https://tengrinews.kz/kazakhstan_news/shyimkente-podpisali-memorandumyi-sderjivaniyu-tsen-587147/,Сегодня,https://static.tengrinews.kz/userdata/news/2025/news_587147/thumb_xts/photo_529651.jpg.webp,kazakhstan
Таджикистан запросил военную помощь ОДКБ - СМИ,https://tengrinews.kz/world_news/tadjikistan-zaprosil-voennuyu-pomosch-odkb-smi-587150/,Сегодня,https://static.tengrinews.kz/userdata/news/2025/news_587150/thumb_xts/photo_529653.jpg.webp,world
В Астане прошло заседание рабочей группы по парламентской реформе,https://tengrinews.kz/news/astane-proshlo-zasedanie-rabochey-gruppyi-parlamentskoy-587145/,Сегодня,https://static.tengrinews.kz/userdata/news/2025/news_587145/thumb_xts/photo_529652.jpg.webp,other
“Их слова стали мемами“: депутат заявил об оторванности чиновников от народа,https://tengrinews.kz/kazakhstan_news/ih-slova-stali-memami-deputat-zayavil-otorvannosti-587140/,Сегодня,https://static.tengrinews.kz/userdata/news/2025/news_587140/thumb_xts/photo_529644.jpg.webp,kazakhstan
"33 проекта на 2,3 триллиона тенге: как Костанайская область усиливает промышленность",https://tengrinews.kz/kazakhstan_news/33-proekta-23-trilliona-tenge-kostanayskaya-oblast-usilivaet-587096/,Сегодня,https://static.tengrinews.kz/userdata/news/2025/news_587096/thumb_xts/photo_529602.jpg.webp,kazakhstan
Самоподжог в аэропорту Алматы: полиция закрыла дело,https://tengrinews.kz/kazakhstan_news/samopodjog-v-aeroportu-almatyi-politsiya-zakryila-delo-587139/,Сегодня,https://static.tengrinews.kz/userdata/news/2025/news_587139/thumb_xts/photo_529640.jpg.webp,kazakhstan
Легендарные саундтреки Эннио Морриконе прозвучат в Астане и Алматы,https://tengrinews.kz/kazakhstan_news/legendarnyie-saundtreki-ennio-morrikone-prozvuchat-astane-587083/,Сегодня,https://static.tengrinews.kz/userdata/news/2025/news_587083/thumb_xts/photo_529585.jpg.webp,kazakhstan
Казахстан заметёт снегом,https://tengrinews.kz/kazakhstan_news/kazahstan-zamett-snegom-587133/,Сегодня,https://static.tengrinews.kz/userdata/news/2025/news_587133/thumb_xts/photo_529636.jpg.webp,kazakhstan
Триллион тенге в бюджет: Алматинская область поставила рекорд,https://tengrinews.kz/kazakhstan_news/trillion-tenge-byudjet-almatinskaya-oblast-postavila-rekord-587129/,Сегодня,https://static.tengrinews.kz/userdata/news/2025/news_587129/thumb_xts/photo_529632.jpg.webp,kazakhstan
Афера с квартирами в ЖК Astana Rich Village: дольщики в Жанаозене потеряли сотни миллионов,https://tengrinews.kz/kazakhstan_news/afera-kvartirami-jk-astana-rich-village-dolschiki-janaozene-587122/,Сегодня,https://static.tengrinews.kz/userdata/news/2025/news_587122/thumb_xts/photo_529626.jpg.webp,kazakhstan
Евразийский банк досрочно вернул 30 миллиардов тенге государственной помощи,https://tengrinews.kz/kazakhstan_news/evraziyskiy-bank-dosrochno-vernul-30-milliardov-tenge-587093/,Сегодня,https://static.tengrinews.kz/userdata/news/2025/news_587093/thumb_xts/photo_529599.jpg.webp,kazakhstan
Малайзия возобновит поиски пропавшего в 2014 году Boeing с пассажирами,https://tengrinews.kz/world_news/malayziya-vozobnovit-poiski-propavshego-2014-godu-boeing-587118/,Сегодня,https://static.tengrinews.kz/userdata/news/2025/news_587118/thumb_xts/photo_529624.jpg.webp,world
Фонд “Даму“ выдал первый льготный кредит в цифровом тенге по программе “Өрлеу“,https://tengrinews.kz/kazakhstan_news/fond-damu-vyidal-pervyiy-lgotnyiy-kredit-tsifrovom-tenge-587091/,Сегодня,https://static.tengrinews.kz/userdata/news/2025/news_587091/thumb_xts/photo_529596.jpg.webp,kazakhstan
Обещали Европу — обманули на миллионы: известная компания попала в скандал,https://tengrinews.kz/kazakhstan_news/obeschali-evropu-obmanuli-millionyi-izvestnaya-kompaniya-586424/,Сегодня,https://static.tengrinews.kz/userdata/news/2025/news_586424/thumb_xts/photo_529556.png.webp,kazakhstan
Минэнерго ответило на информацию о “заморозке” цен на электричество в Казахстане,https://tengrinews.kz/kazakhstan_news/minenergo-otvetilo-informatsiyu-zamorozke-tsen-587116/,Сегодня,https://static.tengrinews.kz/userdata/news/2025/news_587116/thumb_xts/photo_529621.jpg.webp,kazakhstan
В Павлодарской области началось строительство завода нового поколения,https://tengrinews.kz/kazakhstan_news/pavlodarskoy-oblasti-nachalos-stroitelstvo-zavoda-novogo-587090/,Сегодня,https://static.tengrinews.kz/userdata/news/2025/news_587090/thumb_xts/photo_529594.jpg.webp,kazakhstan
В трёх регионах Казахстана открыли движение на трассах после улучшения погоды,https://tengrinews.kz/kazakhstan_news/trh-regionah-kazahstana-otkryili-dvijenie-trassah-587112/,Сегодня,https://static.tengrinews.kz/userdata/news/2025/news_587112/thumb_xts/photo_529619.jpg.webp,kazakhstan
Полицейская погоня в Лисаковске закончилась смертельным ДТП,https://tengrinews.kz/kazakhstan_news/politseyskaya-pogonya-lisakovske-zakonchilas-smertelnyim-dtp-587111/,Сегодня,https://static.tengrinews.kz/userdata/news/2025/news_587111/thumb_xts/photo_529618.jpg.webp,kazakhstan
Токаев призвал эффективно использовать географические преимущества Казахстана,https://tengrinews.kz/kazakhstan_news/tokaev-prizval-effektivno-ispolzovat-geograficheskie-587158/,Сегодня,https://static.tengrinews.kz/userdata/news/2025/news_587158/thumb_xts/photo_529659.jpg.webp,kazakhstan
Казахстан готовится завершить расследование крушения самолёта AZAL в Актау,https://tengrinews.kz/kazakhstan_news/kazahstan-gotovitsya-zavershit-rassledovanie-krusheniya-587130/,Сегодня,https://static.tengrinews.kz/userdata/news/2025/news_587130/thumb_xts/photo_529631.jpg.webp,kazakhstan
"Достался “по наследству“: появились кадры роскошного дома, где живёт аким СКО",https://tengrinews.kz/kazakhstan_news/dostalsya-po-nasledstvu-poyavilis-kadryi-roskoshnogo-doma-587085/,Сегодня,https://static.tengrinews.kz/userdata/news/2025/news_587085/thumb_xts/photo_529593.png.webp,kazakhstan
Связь подорожает: На сколько вырастут тарифы сотовых операторов,https://tengrinews.kz/kazakhstan_news/svyaz-podorojaet-skolko-vyirastut-tarifyi-sotovyih-587069/,Сегодня,https://static.tengrinews.kz/userdata/news/2025/news_587069/thumb_xts/photo_529576.png.webp,kazakhstan
Илон Маск назвал возможного будущего президента США,https://tengrinews.kz/usa/ilon-mask-nazval-vozmojnogo-buduschego-prezidenta-ssha-587114/,Сегодня,https://static.tengrinews.kz/userdata/news/2025/news_587114/thumb_xts/photo_529622.jpg.webp,other
Россия и США не достигли компромисса по мирному плану для Украины — Кремль,https://tengrinews.kz/world_news/rossiya-ssha-dostigli-kompromissa-mirnomu-planu-ukrainyi-587108/,Сегодня,https://static.tengrinews.kz/userdata/news/2025/news_587108/thumb_xts/photo_529614.jpg.webp,world
"В Германии украли крупную партию боеприпасов, предназначенных для военных",https://tengrinews.kz/europe/germanii-ukrali-krupnuyu-partiyu-boepripasov-587106/,Сегодня,https://static.tengrinews.kz/userdata/news/2025/news_587106/thumb_xts/photo_529612.jpg.webp,other
Зеленский назвал “чувствительные“ темы в мирном плане США по Украине,https://tengrinews.kz/world_news/zelenskiy-nazval-chuvstvitelnyie-temyi-mirnom-plane-ssha-587101/,Вчера,https://static.tengrinews.kz/userdata/news/2025/news_587101/thumb_xts/photo_529608.jpg.webp,world
Путин заявил о готовности России к войне с Европой при необходимости,https://tengrinews.kz/world_news/putin-zayavil-gotovnosti-rossii-voyne-evropoy-neobhodimosti-587099/,Вчера,https://static.tengrinews.kz/userdata/news/2025/news_587099/thumb_xts/photo_529606.png.webp,world
Неожиданное решение для повышения рождаемости приняли в Китае,https://tengrinews.kz/world_news/neojidannoe-reshenie-povyisheniya-rojdaemosti-prinyali-kitae-587064/,Вчера,https://static.tengrinews.kz/userdata/news/2025/news_587064/thumb_xts/photo_529565.jpg.webp,world
Трамп пригрозил Гондурасу “адской расплатой“,https://tengrinews.kz/world_news/tramp-prigrozil-gondurasu-adskoy-rasplatoy-587030/,Вчера,https://static.tengrinews.kz/userdata/news/2025/news_587030/thumb_xts/photo_529528.jpg.webp,world
Chevron сделала заявление после атаки на КТК,https://tengrinews.kz/world_news/chevron-sdelala-zayavlenie-posle-ataki-na-ktk-587022/,Вчера,https://static.tengrinews.kz/userdata/news/2025/news_587022/thumb_xts/photo_529520.jpg.webp,world
Тела убитых в ОАЭ криптобизнесмена из России и его жены обнаружили в пустыне,https://tengrinews.kz/world_news/tela-ubityih-oae-kriptobiznesmena-rossii-ego-jenyi-587015/,01 декабря 2025,https://static.tengrinews.kz/userdata/news/2025/news_587015/thumb_xts/photo_529513.jpg.webp,world
Начальника областного ГКНБ назначили главой Минздрава Кыргызстана,https://tengrinews.kz/sng/nachalnika-oblastnogo-gknb-naznachili-glavoy-minzdrava-587008/,01 декабря 2025,https://static.tengrinews.kz/userdata/news/2025/news_587008/thumb_xts/photo_529503.jpg.webp,other
Оксфордский словарь выбрал слово 2025 года,https://tengrinews.kz/world_news/oksfordskiy-slovar-vyibral-slovo-2025-goda-586956/,01 декабря 2025,https://static.tengrinews.kz/userdata/news/2025/news_586956/thumb_xts/photo_529450.jpg.webp,world
"Трамп подтвердил, что разговаривал по телефону с президентом Венесуэлы Мадуро",https://tengrinews.kz/world_news/tramp-podtverdil-razgovarival-telefonu-prezidentom-586954/,01 декабря 2025,https://static.tengrinews.kz/userdata/news/2025/news_586954/thumb_xts/photo_529448.png.webp,world
Сторонники президента выигрывают выборы в Кыргызстане,https://tengrinews.kz/sng/storonniki-prezidenta-vyiigryivayut-vyiboryi-v-kyirgyizstane-586952/,01 декабря 2025,https://static.tengrinews.kz/userdata/news/2025/news_586952/thumb_xts/photo_529446.jpg.webp,other
Масштабная утечка в Южной Корее: счета миллионов клиентов интернет-магазина попали в сеть,https://tengrinews.kz/asia/masshtabnaya-utechka-yujnoy-koree-scheta-millionov-586949/,01 декабря 2025,https://static.tengrinews.kz/userdata/news/2025/news_586949/thumb_xts/photo_529442.jpg.webp,other
“Нужно еще больше работы“: Рубио назвал переговоры США и Украины продуктивными,https://tengrinews.kz/world_news/nujno-bolshe-rabotyi-rubio-nazval-peregovoryi-ssha-ukrainyi-586950/,01 декабря 2025,https://static.tengrinews.kz/userdata/news/2025/news_586950/thumb_xts/photo_529443.jpg.webp,world
Тропический шторм принес разрушения в Юго-Восточную Азию: погибли более 600 человек,https://tengrinews.kz/asia/tropicheskiy-shtorm-prines-razrusheniya-yugo-vostochnuyu-586945/,30 ноября 2025,https://static.tengrinews.kz/userdata/news/2025/news_586945/thumb_xts/photo_529439.png.webp,other
Папа римский Лев призывает создать Палестинское государство,https://tengrinews.kz/near_east/papa-rimskiy-lev-prizyivaet-sozdat-palestinskoe-gosudarstvo-586942/,30 ноября 2025,https://static.tengrinews.kz/userdata/news/2025/news_586942/thumb_xts/photo_529437.png.webp,other
Бойцы СОБРа обезвредили мужчину с ножом на вокзале Алматы,https://tengrinews.kz/events/boytsyi-sobra-obezvredili-mujchinu-nojom-vokzale-almatyi-587127/,Сегодня,https://static.tengrinews.kz/userdata/news/2025/news_587127/thumb_xts/photo_529634.jpg.webp,events
Семь человек погибли в страшном ДТП на трассе в Алматинской области,https://tengrinews.kz/events/sem-pogibli-strashnom-dtp-trasse-almatinskoy-oblasti-587033/,Вчера,https://static.tengrinews.kz/userdata/news/2025/news_587033/thumb_xts/photo_529531.jpg.webp,events
Мужчина пнул маленького ребенка в Алматы: видео разлетелось в соцсетях,https://tengrinews.kz/events/mujchina-pnul-malenkogo-rebenka-almatyi-video-razletelos-586976/,01 декабря 2025,https://static.tengrinews.kz/userdata/news/2025/news_586976/thumb_xts/photo_529472.jpg.webp,events
Об обысках у Гульнар Бажкеновой и уголовных делах заявили в полиции,https://tengrinews.kz/events/obyiskah-gulnar-bajkenovoy-ugolovnyih-delah-zayavili-586961/,01 декабря 2025,https://static.tengrinews.kz/userdata/news/2025/news_586961/thumb_xts/photo_529458.jpg.webp,events
Попытка вывоза младенцев: граждан Китая задержали при вылете в аэропорту Алматы,https://tengrinews.kz/events/popyitka-vyivoza-mladentsev-grajdan-kitaya-zaderjali-vyilete-586796/,01 декабря 2025,https://static.tengrinews.kz/userdata/news/2025/news_586796/thumb_xts/photo_529272.jpg.webp,events
“Перебил позвоночник“: казахстанец расстрелял собак из ружья на глазах детей,https://tengrinews.kz/events/perebil-pozvonochnik-kazahstanets-rasstrelyal-sobak-rujya-586789/,28 ноября 2025,https://static.tengrinews.kz/userdata/news/2025/news_586789/thumb_xts/photo_529283.jpg.webp,events
Ещё одно уголовное дело завели по новой статье в Казахстане,https://tengrinews.kz/events/esch-odno-ugolovnoe-delo-zaveli-po-novoy-state-v-kazahstane-586772/,28 ноября 2025,https://static.tengrinews.kz/userdata/news/2025/news_586772/thumb_xts/photo_529254.png.webp,events
“Они уехали. А после загорелся мой дом“. Пенсионерка из Семея заявила о халатности пожарных,https://tengrinews.kz/events/oni-uehali-posle-zagorelsya-dom-pensionerka-semeya-zayavila-586359/,28 ноября 2025,https://static.tengrinews.kz/userdata/news/2025/news_586359/thumb_xts/photo_529197.jpg.webp,events
"Пассажира, обманувшего неслышащего таксиста, нашли в Кокшетау",https://tengrinews.kz/events/passajira-obmanuvshego-neslyishaschego-taksista-nashli-586690/,27 ноября 2025,https://static.tengrinews.kz/userdata/news/2025/news_586690/thumb_xts/photo_529153.jpg.webp,events
Крупный пожар в Алматы: огонь охватил магазин и СТО,https://tengrinews.kz/events/krupnyiy-pojar-v-almatyi-ogon-ohvatil-magazin-i-sto-586576/,26 ноября 2025,https://static.tengrinews.kz/userdata/news/2025/news_586576/thumb_xts/photo_529034.jpg.webp,events
Новую атаку беспилотников на КТК прокомментировали в Минэнерго Казахстана,https://tengrinews.kz/events/novuyu-ataku-bespilotnikov-ktk-prokommentirovali-minenergo-586556/,25 ноября 2025,https://static.tengrinews.kz/userdata/news/2025/news_586556/thumb_xts/photo_529010.jpg.webp,events
Пропавшую в Астане школьницу обнаружили в реке,https://tengrinews.kz/events/propavshuyu-v-astane-shkolnitsu-obnarujili-v-reke-586534/,25 ноября 2025,https://static.tengrinews.kz/userdata/news/2025/news_586534/thumb_xts/photo_528987.jpg.webp,events
9 человек погибли в двух страшных ДТП за сутки в Казахстане,https://tengrinews.kz/events/9-pogibli-dvuh-strashnyih-dtp-sutki-kazahstane-586490/,25 ноября 2025,https://static.tengrinews.kz/userdata/news/2025/news_586490/thumb_xts/photo_528948.jpg.webp,events
Сильный пожар тушат в Алматы: задействованы 21 машина и автопоезд,https://tengrinews.kz/events/silnyiy-pojar-tushat-almatyi-zadeystvovanyi-21-mashina-586353/,23 ноября 2025,https://static.tengrinews.kz/userdata/news/2025/news_586353/thumb_xts/photo_528798.jpg.webp,events
Житель Астаны решил попрыгать на капоте чужого автомобиля: видео,https://tengrinews.kz/events/jitel-astanyi-reshil-popryigat-kapote-chujogo-avtomobilya-586273/,21 ноября 2025,https://static.tengrinews.kz/userdata/news/2025/news_586273/thumb_xts/photo_528705.jpg.webp,events
Автовоз с новыми машинами слетел в кювет в Акмолинской области,https://tengrinews.kz/events/avtovoz-novyimi-mashinami-sletel-kyuvet-akmolinskoy-oblasti-586255/,21 ноября 2025,https://static.tengrinews.kz/userdata/news/2025/news_586255/thumb_xts/photo_528687.jpg.webp,events
Очевидец рискнул жизнью и спас девушку на высоте в Шымкенте: видео,https://tengrinews.kz/events/ochevidets-risknul-jiznyu-spas-devushku-vyisote-shyimkente-586254/,21 ноября 2025,https://static.tengrinews.kz/userdata/news/2025/news_586254/thumb_xts/photo_528685.jpg.webp,events
"“Убежали, пряча лица“ – Министерство просвещения ответило на видео казахстанки",https://tengrinews.kz/events/ubejali-pryacha-litsa-ministerstvo-prosvescheniya-otvetilo-586235/,21 ноября 2025,https://static.tengrinews.kz/userdata/news/2025/news_586235/thumb_xts/photo_528668.jpg.webp,events
Два человека погибли в жутком ДТП на трассе в Алматинской области,https://tengrinews.kz/events/cheloveka-pogibli-jutkom-dtp-trasse-almatinskoy-oblasti-586244/,21 ноября 2025,https://static.tengrinews.kz/userdata/news/2025/news_586244/thumb_xts/photo_528675.jpg.webp,events
Зарезал из-за сигареты: убийца начальника поезда в Актобе получил 20 лет,https://tengrinews.kz/crime/zarezal-iz-za-sigaretyi-ubiytsa-nachalnika-poezda-aktobe-587144/,Сегодня,https://static.tengrinews.kz/userdata/news/2025/news_587144/thumb_xts/photo_529645.png.webp,crime
Учительница завлекала актюбинцев в финансовую пирамиду с самокатами,https://tengrinews.kz/crime/uchitelnitsa-zavlekala-aktyubintsev-finansovuyu-piramidu-586981/,01 декабря 2025,https://static.tengrinews.kz/userdata/news/2025/news_586981/thumb_xts/photo_529474.png.webp,crime
Многомиллиардную аферу по продаже квартир раскрыли в Астане,https://tengrinews.kz/crime/mnogomilliardnuyu-aferu-prodaje-kvartir-raskryili-astane-586959/,01 декабря 2025,https://static.tengrinews.kz/userdata/news/2025/news_586959/thumb_xts/photo_529456.png.webp,crime
"В Стамбуле задержали казахстанку, подозреваемую в краже на 156 миллионов",https://tengrinews.kz/crime/stambule-zaderjali-kazahstanku-podozrevaemuyu-kraje-156-586775/,28 ноября 2025,https://static.tengrinews.kz/userdata/news/2025/news_586775/thumb_xts/photo_529252.jpg.webp,crime
Граждан Китая похитили и вымогали деньги сразу после прилёта в Алматы,https://tengrinews.kz/crime/grajdan-kitaya-pohitili-vyimogali-dengi-srazu-prilta-almatyi-586701/,27 ноября 2025,https://static.tengrinews.kz/userdata/news/2025/news_586701/thumb_xts/photo_529162.jpg.webp,crime
Телефонный разговор стал последним из-за вспышки ревности: муж Айзат не признает вину,https://tengrinews.kz/crime/telefonnyiy-razgovor-stal-poslednim-iz-za-vspyishki-revnosti-586626/,27 ноября 2025,https://static.tengrinews.kz/userdata/news/2025/news_586626/thumb_xts/photo_529174.jpg.webp,crime
"“Лесную мафию“ разоблачили на севере Казахстана, задержаны 20 человек",https://tengrinews.kz/crime/lesnuyu-mafiyu-razoblachili-severe-kazahstana-zaderjanyi-20-586695/,27 ноября 2025,https://static.tengrinews.kz/userdata/news/2025/news_586695/thumb_xts/photo_529156.jpg.webp,crime
"“Папа“, который причинил зло: ещё один педофил в Казахстане получил пожизненный срок",https://tengrinews.kz/crime/papa-kotoryiy-prichinil-zlo-esch-odin-pedofil-kazahstane-586631/,27 ноября 2025,https://static.tengrinews.kz/userdata/news/2025/news_586631/thumb_xts/photo_529089.jpg.webp,crime
Открыл стрельбу по отдыхающим: казахстанец получил срок за покушение,https://tengrinews.kz/crime/otkryil-strelbu-otdyihayuschim-kazahstanets-poluchil-srok-586614/,26 ноября 2025,https://static.tengrinews.kz/userdata/news/2025/news_586614/thumb_xts/photo_529066.png.webp,crime
“16 ножевых ранений“: отца подозревают в убийстве дочери под Алматы,https://tengrinews.kz/crime/16-nojevyih-raneniy-ottsa-podozrevayut-ubiystve-docheri-586546/,25 ноября 2025,https://static.tengrinews.kz/userdata/news/2025/news_586546/thumb_xts/photo_529000.jpg.webp,crime
Шокирующий момент убийства Яны Легкодимовой опубликовало МВД,https://tengrinews.kz/crime/shokiruyuschiy-moment-ubiystva-yanyi-legkodimovoy-586433/,24 ноября 2025,https://static.tengrinews.kz/userdata/news/2025/news_586433/thumb_xts/photo_528892.jpg.webp,crime
Житель Актау очень вежливо сообщил об “актогеновой бомбе”: его задержали,https://tengrinews.kz/crime/jitel-aktau-ochen-vejlivo-soobschil-aktogenovoy-bombe-586425/,24 ноября 2025,https://static.tengrinews.kz/userdata/news/2025/news_586425/thumb_xts/photo_528878.jpg.webp,crime
Загадочную смерть семейной пары расследуют в Актобе,https://tengrinews.kz/crime/zagadochnuyu-smert-semeynoy-paryi-rassleduyut-v-aktobe-586242/,21 ноября 2025,https://static.tengrinews.kz/userdata/news/2025/news_586242/thumb_xts/photo_528674.jpg.webp,crime
Тайник с “январским“ оружием нашли под мостом в Алматы,https://tengrinews.kz/crime/taynik-s-yanvarskim-orujiem-nashli-pod-mostom-v-almatyi-586133/,20 ноября 2025,https://static.tengrinews.kz/userdata/news/2025/news_586133/thumb_xts/photo_528569.jpg.webp,crime
Мясо сомнительного качества продавали в Астане: полиция показала видео,https://tengrinews.kz/crime/myaso-somnitelnogo-kachestva-prodavali-astane-politsiya-586101/,19 ноября 2025,https://static.tengrinews.kz/userdata/news/2025/news_586101/thumb_xts/photo_528521.jpg.webp,crime
Педофил в Уральске мог воспользоваться халатностью акимата: заведено дело,https://tengrinews.kz/crime/pedofil-uralske-mog-vospolzovatsya-halatnostyu-akimata-586056/,19 ноября 2025,https://static.tengrinews.kz/userdata/news/2025/news_586056/thumb_xts/photo_528476.png.webp,crime
Дерзкое ограбление АЗС попало на видео в Актау,https://tengrinews.kz/crime/derzkoe-ograblenie-azs-popalo-na-video-v-aktau-585961/,18 ноября 2025,https://static.tengrinews.kz/userdata/news/2025/news_585961/thumb_xts/photo_528367.jpg.webp,crime
"Изнасиловал, убил, взял в заложники ребенка в Талгаре: очередное громкое дело дошло до суда",https://tengrinews.kz/crime/iznasiloval-ubil-vzyal-zalojniki-rebenka-talgare-ocherednoe-585947/,18 ноября 2025,https://static.tengrinews.kz/userdata/news/2025/news_585947/thumb_xts/photo_528347.png.webp,crime
Мужчина устроил перестрелку с полицией и погиб на юге Казахстана,https://tengrinews.kz/crime/mujchina-ustroil-perestrelku-politsiey-pogib-yuge-kazahstana-585931/,18 ноября 2025,https://static.tengrinews.kz/userdata/news/2025/news_585931/thumb_xts/photo_528334.jpg.webp,crime
Наказывать анонимные Telegram-каналы и штрафовать за мат в соцсетях хотят в Казахстане,https://tengrinews.kz/internet/nakazyivat-anonimnyie-telegram-kanalyi-shtrafovat-mat-585526/,13 ноября 2025,https://static.tengrinews.kz/userdata/news/2025/news_585526/thumb_xts/photo_527886.jpg.webp,internet
Журналист Tengrinews.kz стал победителем премии “Үркер – 2025“,https://tengrinews.kz/internet/jurnalist-tengrinewskz-stal-pobeditelem-premii-urker-2025-585127/,07 ноября 2025,https://static.tengrinews.kz/userdata/news/2025/news_585127/thumb_xts/photo_527446.jpg.webp,internet
Илон Маск анонсировал появление нового мессенджера,https://tengrinews.kz/internet/ilon-mask-anonsiroval-poyavlenie-novogo-messendjera-584603/,01 ноября 2025,https://static.tengrinews.kz/userdata/news/2025/news_584603/thumb_xts/photo_526872.jpg.webp,internet
"Половина интернета “легла”: сбой затронул Zoom, Roblox, Canva",https://tengrinews.kz/internet/polovina-interneta-legla-sboy-zatronul-zoom-roblox-canva-583622/,20 октября 2025,https://static.tengrinews.kz/userdata/news/2025/news_583622/thumb_xts/photo_525804.jpg.webp,internet
Блокировка не помогла: WhatsApp остался самым популярным в России,https://tengrinews.kz/internet/blokirovka-pomogla-whatsapp-ostalsya-samyim-populyarnyim-581277/,22 сентября 2025,https://static.tengrinews.kz/userdata/news/2025/news_581277/thumb_xts/photo_523250.jpg.webp,internet
"Unico Play запускается: национальный стриминг с казахскими сериалами, уникальным контентом, ИИ и мировой классикой",https://tengrinews.kz/internet/unico-play-zapuskaetsya-natsionalnyiy-striming-kazahskimi-580570/,12 сентября 2025,https://static.tengrinews.kz/userdata/news/2025/news_580570/thumb_xts/photo_522484.jpg.webp,internet
Беседа с ChatGPT как улика: разработчики признались в сотрудничестве с силовиками,https://tengrinews.kz/internet/beseda-chatgpt-ulika-razrabotchiki-priznalis-sotrudnichestve-579258/,28 августа 2025,https://static.tengrinews.kz/userdata/news/2025/news_579258/thumb_xts/photo_521008.png.webp,internet
Цукерберг переманил в Meta 50 ИИ-специалистов,https://tengrinews.kz/internet/tsukerberg-peremanil-v-meta-50-ii-spetsialistov-578677/,21 августа 2025,https://static.tengrinews.kz/userdata/news/2025/news_578677/thumb_xts/photo_520357.jpg.webp,internet
Россия ограничила звонки в WhatsApp: что ответил мессенджер,https://tengrinews.kz/internet/rossiya-ogranichila-zvonki-whatsapp-otvetil-messendjer-578075/,14 августа 2025,https://static.tengrinews.kz/userdata/news/2025/news_578075/thumb_xts/photo_519683.jpg.webp,internet
Закон об ИИ: кто будет отвечать за возможную утечку данных казахстанцев,https://tengrinews.kz/internet/zakon-ii-budet-otvechat-vozmojnuyu-utechku-dannyih-564022/,03 марта 2025,https://static.tengrinews.kz/userdata/news/2025/news_564022/thumb_xts/photo_504089.jpeg.webp,internet
"Прощай, Skype: Microsoft решил отключить легендарный мессенджер",https://tengrinews.kz/internet/proschay-skype-microsoft-reshil-otklyuchit-legendarnyiy-563838/,28 февраля 2025,https://static.tengrinews.kz/userdata/news/2025/news_563838/thumb_xts/photo_503885.jpeg.webp,internet
Что нейросеть думает о Токаеве и казахстанцах,https://tengrinews.kz/internet/chto-neiroset-dumaet-o-tokaeve-i-kazahstantsah-563756/,27 февраля 2025,https://tengrinews.kz/userdata/news/2025/news_563756/thumb_xts/photo_503797.jpg.webp,internet
Спецслужбы США читают переписки в WhatsApp - Цукерберг,https://tengrinews.kz/internet/spetsslujbyi-ssha-chitayut-perepiski-v-whatsapp-tsukerberg-559421/,11 января 2025,https://static.tengrinews.kz/userdata/news/2025/news_559421/thumb_xts/photo_499018.jpeg.webp,internet
Обновите приложение Tengrinews.kz и общайтесь удобнее: вот что еще мы приготовили,https://tengrinews.kz/internet/obnovite-prilojenie-tengrinewskz-obschaytes-udobnee-chto-myi-557710/,30 декабря 2024,https://static.tengrinews.kz/userdata/news/2024/news_557710/thumb_xts/photo_497178.jpeg.webp,internet
"“С вами не скучно, спасибо за это!“ Рейтинг комментаторов Tengrinews.kz за 2024 год",https://tengrinews.kz/internet/s-ne-skuchno-spasibo-eto-reyting-kommentatorov-tengrinewskz-557540/,24 декабря 2024,https://static.tengrinews.kz/userdata/news/2024/news_557540/thumb_xts/photo_497150.png.webp,internet
Telegram откроет офис в Казахстане,https://tengrinews.kz/internet/telegram-otkroet-ofis-v-kazahstane-550910/,14 октября 2024,https://static.tengrinews.kz/userdata/news/2024/news_550910/thumb_xts/photo_489566.jpeg.webp,internet
Благодаря Tele2/Altel Казахстан улучшил свой рейтинг в глобальном индексе Speedtest,https://tengrinews.kz/internet/blagodarya-tele2-altel-kazahstan-uluchshil-svoy-reyting-527379/,23 февраля 2024,https://static.tengrinews.kz/userdata/news/2024/news_527379/thumb_xts/photo_463429.jpeg.webp,internet
В работе Telegram произошел сбой,https://tengrinews.kz/internet/v-rabote-telegram-proizoshel-sboy-526779/,18 февраля 2024,https://static.tengrinews.kz/userdata/news/2024/news_526779/thumb_xts/photo_462751.jpeg.webp,internet
Казахстанцы столкнулись с массовым сбоем в работе российских сервисов,https://tengrinews.kz/internet/kazahstantsyi-stolknulis-massovyim-sboem-rabote-rossiyskih-524781/,30 января 2024,https://static.tengrinews.kz/userdata/news/2024/news_524781/thumb_xts/photo_460474.jpeg.webp,internet
Тысячи новорожденных звезд запечатлели на фото,https://tengrinews.kz/science/tyisyachi-novorojdennyih-zvezd-zapechatleli-na-foto-580276/,09 сентября 2025,https://static.tengrinews.kz/userdata/news/2025/news_580276/thumb_xts/photo_522164.jpg.webp,science
Крупнейшее в истории слияние черных дыр зафиксировали ученые,https://tengrinews.kz/science/krupneyshee-istorii-sliyanie-chernyih-dyir-zafiksirovali-575266/,14 июля 2025,https://static.tengrinews.kz/userdata/news/2025/news_575266/thumb_xts/photo_516555.jpg.webp,science
Ученые обнаружили токсичный элемент в питьевой воде США,https://tengrinews.kz/science/uchenyie-obnarujili-toksichnyiy-element-v-pitevoy-vode-ssha-554932/,24 ноября 2024,https://static.tengrinews.kz/userdata/news/2024/news_554932/thumb_xts/photo_494028.jpeg.webp,science
Совершенно новый способ измерения времени нашли ученые,https://tengrinews.kz/science/sovershenno-novyiy-sposob-izmereniya-vremeni-nashli-uchenyie-554930/,24 ноября 2024,https://static.tengrinews.kz/userdata/news/2024/news_554930/thumb_xts/photo_494026.jpeg.webp,science
Сильная магнитная буря накрыла Землю,https://tengrinews.kz/science/silnaya-magnitnaya-burya-nakryila-zemlyu-539844/,29 июня 2024,https://static.tengrinews.kz/userdata/news/2024/news_539844/thumb_xts/photo_477180.jpeg.webp,science
У волков из Чернобыльской зоны развилась невосприимчивость к раку,https://tengrinews.kz/science/volkov-chernobyilskoy-zonyi-razvilas-nevospriimchivost-raku-525916/,10 февраля 2024,https://static.tengrinews.kz/userdata/news/2024/news_525916/thumb_xts/photo_461759.jpeg.webp,science
"Дефицит молока надеются снизить с помощью ""суперкоров"" в Китае",https://tengrinews.kz/science/defitsit-moloka-nadeyutsya-snizit-pomoschyu-superkorov-kitae-524920/,01 февраля 2024,https://static.tengrinews.kz/userdata/news/2024/news_524920/thumb_xts/photo_460634.jpeg.webp,science
"""Старые курильщики"": астрономы обнаружили ранее неизвестный тип звезд",https://tengrinews.kz/science/staryie-kurilschiki-astronomyi-obnarujili-ranee-neizvestnyiy-524788/,31 января 2024,https://static.tengrinews.kz/userdata/news/2024/news_524788/thumb_xts/photo_460481.jpeg.webp,science
Курильщик со вздернутым носом: о шести чертах человека с ДНК неандертальца рассказали исследователи,https://tengrinews.kz/science/kurilschik-vzdernutyim-nosom-shesti-chertah-cheloveka-dnk-522443/,08 января 2024,https://static.tengrinews.kz/userdata/news/2024/news_522443/thumb_xts/photo_457817.jpeg.webp,science
В Google совершили прорыв в управлении ИИ и роботами,https://tengrinews.kz/science/v-google-sovershili-proryiv-v-upravlenii-ii-i-robotami-522370/,06 января 2024,https://tengrinews.kz/userdata/news/2024/news_522370/thumb_xts/photo_457732.jpg.webp,science
Астероиды размером со стадион и самолет приближаются к Земле,https://tengrinews.kz/science/asteroidyi-razmerom-stadion-samolet-priblijayutsya-zemle-522278/,05 января 2024,https://static.tengrinews.kz/userdata/news/2024/news_522278/thumb_xts/photo_457590.jpeg.webp,science
"Панды обожают ""социальные сети"" - выяснили ученые",https://tengrinews.kz/science/pandyi-obojayut-sotsialnyie-seti-vyiyasnili-uchenyie-521137/,24 декабря 2023,https://static.tengrinews.kz/userdata/news/2023/news_521137/thumb_xts/photo_456229.jpeg.webp,science
Матча шайы шынымен де арықтауға көмектесе ме? Қазақстандық дәрігер түсіндірді,https://tengrinews.kz/science/matcha-shayyi-shyinyimen-de-aryiktauga-komektese-me-515906/,06 ноября 2023,https://static.tengrinews.kz/userdata/news/2023/news_515906/thumb_xts/photo_450057.jpeg.webp,science
5G на службе телемедицины,https://tengrinews.kz/science/5g-na-slujbe-telemeditsinyi-514865/,27 октября 2023,https://static.tengrinews.kz/userdata/news/2023/news_514865/thumb_xts/photo_448804.jpeg.webp,science
Появились фото космического корабля NASA для отправки астронавтов на Луну,https://tengrinews.kz/science/poyavilis-foto-kosmicheskogo-korablya-nasa-otpravki-514835/,26 октября 2023,https://static.tengrinews.kz/userdata/news/2023/news_514835/thumb_xts/photo_448768.png.webp,science
"""Глобальное кипение"": ученые предупредили о климатическом кризисе",https://tengrinews.kz/science/globalnoe-kipenie-uchenyie-predupredili-klimaticheskom-512105/,01 октября 2023,https://static.tengrinews.kz/userdata/news/2023/news_512105/thumb_xts/photo_445671.jpeg.webp,science
Старейшее деревянное строение в мире нашли в Замбии,https://tengrinews.kz/science/stareyshee-derevyannoe-stroenie-v-mire-nashli-v-zambii-511138/,21 сентября 2023,https://static.tengrinews.kz/userdata/news/2023/news_511138/thumb_xts/photo_444604.png.webp,science
Инновационные возможности нового кампуса Назарбаев Университета презентовали в Алматы,https://tengrinews.kz/science/innovatsionnyie-vozmojnosti-novogo-kampusa-nazarbaev-501311/,07 июня 2023,https://static.tengrinews.kz/userdata/news/2023/news_501311/thumb_xts/photo_433284.jpeg.webp,science
NASA изменило дату высадки людей на Луну,https://tengrinews.kz/science/nasa-izmenilo-datu-vyisadki-lyudey-na-lunu-496995/,20 апреля 2023,https://static.tengrinews.kz/userdata/news/2023/news_496995/thumb_xts/photo_428319.jpeg.webp,science
Эксперт выбрал фаворита в третьем бою Рахмонова в UFC,https://tengrinews.kz/sport/ekspert-vyibral-favorita-v-tretem-boyu-rahmonova-v-ufc-459254/,15 января 2022,https://static.tengrinews.kz/userdata/news/2022/news_459254/thumb_xts/photo_385909.png.webp,sport
Около 45 тысяч тенге пожизненно могут получать чемпионы и призеры Олимпиад,https://tengrinews.kz/sport/okolo-45-tysiac-tenge-poziznenno-mogut-polucat-cempiony-257571/,24 июня 2014,https://static.tengrinews.kz/userdata/news/2014/news_257571/thumb_xts/photo_128969.jpg.webp,sport
Расписание выступлений казахстанцев на Олимпиаде в Сочи 15 февраля,https://tengrinews.kz/sport/raspisanie-vystuplenii-kazaxstancev-olimpiade-soci-15-250490/,15 февраля 2014,https://static.tengrinews.kz/img/stub-tengrinews.png.webp,sport
Фитнес-центры эконом-класса появятся в Астане и Алматы,https://tengrinews.kz/sport/fitnes-centry-ekonom-klassa-poiaviatsia-v-astane-i-almaty-234539/,21 мая 2013,https://static.tengrinews.kz/userdata/news/2013/news_234539/thumb_xts/photo_89942.jpg.webp,sport
Казахстанские стрелки взяли серебро на чемпионате Азии по пулевой стрельбе,https://tengrinews.kz/sport/kazaxstanskie-strelki-vziali-serebro-cempionate-azii-pulevoi-225293/,16 декабря 2012,https://static.tengrinews.kz/userdata/news/2012/news_225293/thumb_xts/photo_74187.jpg.webp,sport
Винокуров готов продать свой велосипед за 50 тысяч долларов,https://tengrinews.kz/sport/vinokurov-gotov-prodat-svoi-velosiped-za-50-tysiac-dollarov-218900/,16 августа 2012,https://static.tengrinews.kz/img/stub-tengrinews.png.webp,sport
Танатаров пробился в полуфинал олимпийского турнира по вольной борьбе,https://tengrinews.kz/sport/tanatarov-probilsia-polufinal-olimpiiskogo-turnira-volnoi-218700/,12 августа 2012,https://static.tengrinews.kz/img/stub-tengrinews.png.webp,sport
Назван самый сексапильный участник Олимпиады-2012,https://tengrinews.kz/sport/nazvan-samyi-seksapilnyi-ucastnik-olimpiady-2012-218041/,29 июля 2012,https://static.tengrinews.kz/userdata/news/2012/news_218041/thumb_xts/photo_61872.jpg.webp,sport
19 золотых медалей завоевала юношеская сборная Казахстана на соревнованиях в Якутии,https://tengrinews.kz/sport/19-zolotyx-medalei-zavoevala-iunoseskaia-sbornaia-kazaxstana-217864/,25 июля 2012,https://static.tengrinews.kz/userdata/news/2012/news_217864/thumb_xts/photo_61539.jpg.webp,sport
В Алматы пройдет марафон в поддержку детей с ДЦП,https://tengrinews.kz/sport/v-almaty-proidet-marafon-v-podderzku-detei-s-dcp-214426/,21 мая 2012,https://static.tengrinews.kz/userdata/news/2012/news_214426/thumb_xts/photo_56106.jpg.webp,sport
Казахстанский проект обошел Netflix и Warner Bros,https://tengrinews.kz/cinema/kazahstanskiy-proekt-oboshel-netflix-i-warner-bros-586562/,25 ноября 2025,https://static.tengrinews.kz/userdata/news/2025/news_586562/thumb_xts/photo_529017.jpg.webp,other
Победительница Silk Way Star Мишель Джозеф готовит песню на казахском языке,https://tengrinews.kz/music/pobeditelnitsa-silk-way-star-mishel-djozef-gotovit-pesnyu-586363/,23 ноября 2025,https://static.tengrinews.kz/userdata/news/2025/news_586363/thumb_xts/photo_528807.jpg.webp,other
“Наши культура и история очень глубоко связаны“ – победительница Silk Way Star Мишель Джозеф,https://tengrinews.kz/music/nashi-kultura-istoriya-ochen-gluboko-svyazanyi-586356/,23 ноября 2025,https://static.tengrinews.kz/userdata/news/2025/news_586356/thumb_xts/photo_528805.png.webp,other
"“Площадка, объединившая культурное разнообразие Азии“: как голосовали зрители мегапроекта Silk Way Star",https://tengrinews.kz/picture_art/ploschadka-obyedinivshaya-kulturnoe-raznoobrazie-azii-586354/,23 ноября 2025,https://static.tengrinews.kz/userdata/news/2025/news_586354/thumb_xts/photo_528804.jpg.webp,other
Грандиозный финал Silk Way Star: как это было,https://tengrinews.kz/music/grandioznyiy-final-silk-way-star-kak-eto-byilo-586345/,23 ноября 2025,https://static.tengrinews.kz/userdata/news/2025/news_586345/thumb_xts/photo_528788.jpg.webp,other
Определилась победительница Silk Way Star,https://tengrinews.kz/music/opredelilas-pobeditelnitsa-silk-way-star-586339/,22 ноября 2025,https://static.tengrinews.kz/userdata/news/2025/news_586339/thumb_xts/photo_528784.jpg.webp,other
Трогательный момент между представителями Азербайджана и Армении произошел во время финала Silk Way Star,https://tengrinews.kz/music/trogatelnyiy-moment-predstavitelyami-azerbaydjana-armenii-586338/,22 ноября 2025,https://static.tengrinews.kz/userdata/news/2025/news_586338/thumb_xts/photo_528779.jpg.webp,other
Финал Silk Way Star начался: Онлайн-трансляция,https://tengrinews.kz/music/final-silk-way-star-nachalsya-onlayn-translyatsiya-586248/,22 ноября 2025,https://static.tengrinews.kz/userdata/news/2025/news_586248/thumb_xts/photo_528703.jpg.webp,other
Бельгийский дизайнер сравнила Silk Way Star с “Евровидением“,https://tengrinews.kz/music/belgiyskiy-dizayner-sravnila-silk-way-star-s-evrovideniem-585986/,18 ноября 2025,https://static.tengrinews.kz/userdata/news/2025/news_585986/thumb_xts/photo_528399.jpg.webp,other
Грандиозный финал Silk Way Star покажут в прямом эфире 22 ноября,https://tengrinews.kz/music/grandioznyiy-final-silk-way-star-pokajut-pryamom-efire-22-585291/,10 ноября 2025,https://tengrinews.kz/userdata/news/2025/news_585291/thumb_xts/photo_527623.jpg.webp,other
Автор “Сатанинского танго“ получил Нобелевскую премию по литературе,https://tengrinews.kz/books/avtor-sataninskogo-tango-poluchil-nobelevskuyu-premiyu-582800/,09 октября 2025,https://static.tengrinews.kz/userdata/news/2025/news_582800/thumb_xts/photo_524913.jpg.webp,other
Фильм “Кадет“ представит Казахстан на “Оскаре“: что о нем известно,https://tengrinews.kz/cinema/film-kadet-predstavit-kazahstan-oskare-o-nem-izvestno-581949/,29 сентября 2025,https://static.tengrinews.kz/userdata/news/2025/news_581949/thumb_xts/photo_523990.png.webp,other
Долгожданная премьера: представлен первый выпуск Silk Way Star,https://tengrinews.kz/music/dolgojdannaya-premera-predstavlen-pervyiy-vyipusk-silk-way-581302/,22 сентября 2025,https://tengrinews.kz/userdata/news/2025/news_581302/thumb_xts/photo_523275.jpg.webp,other
Астана встречает звезд: 12 участников Silk Way Star уже в столице,https://tengrinews.kz/music/astana-vstrechaet-zvezd-12-uchastnikov-silk-way-star-v-578753/,22 августа 2025,https://tengrinews.kz/userdata/news/2025/news_578753/thumb_xts/photo_520436.jpg.webp,other
Уникальная фотовыставка об истории Казахстана стартует в Астане,https://tengrinews.kz/picture_art/unikalnaya-fotovyistavka-istorii-kazahstana-startuet-astane-578530/,19 августа 2025,https://static.tengrinews.kz/userdata/news/2025/news_578530/thumb_xts/photo_520191.jpg.webp,other
Какие сюрпризы были на концерте J.Lo в Астане и что пишут казахстанцы,https://tengrinews.kz/music/kakie-syurprizyi-na-kontserte-jlo-astane-chto-pishut-577069/,02 августа 2025,https://static.tengrinews.kz/userdata/news/2025/news_577069/thumb_xts/photo_518545.jpg.webp,other
Режиссер “Дюны“ снимет следующего Джеймса Бонда,https://tengrinews.kz/cinema/rejisser-dyunyi-snimet-sleduyuschego-djeymsa-bonda-573915/,26 июня 2025,https://static.tengrinews.kz/userdata/news/2025/news_573915/thumb_xts/photo_515086.jpg.webp,other
Особенный казахстанский фильм стартует в кино 26 июня,https://tengrinews.kz/cinema/osobennyiy-kazahstanskiy-film-startuet-v-kino-26-iyunya-572224/,25 июня 2025,https://static.tengrinews.kz/userdata/news/2025/news_572224/thumb_xts/photo_513230.jpg.webp,other
"Игги Поп, Xzibit и голоса Сибири. Нашумевшая группа едет в Алматы",https://tengrinews.kz/music/iggi-pop-xzibit-golosa-sibiri-nashumevshaya-gruppa-edet-571796/,04 июня 2025,https://static.tengrinews.kz/userdata/news/2025/news_571796/thumb_xts/photo_512766.jpg.webp,other
